id;price;quantity;start_time;expried_time
1;58691;37306;2021-11-01T03:38:51;2021-10-31T13:46:44
2;93490;94636;2021-10-31T08:42:37;2021-10-31T16:44:22
3;20411;81085;2021-10-31T16:46:32;2021-10-31T14:19:17
4;68487;64953;2021-11-01T07:22:36;2021-10-31T14:38:27
5;58435;3115;2021-10-31T13:14:41;2021-10-31T18:15:53
6;13700;44394;2021-10-31T20:41:59;2021-10-31T08:35:57
7;43477;49956;2021-10-31T21:50:37;2021-10-31T20:41:06
8;21493;56890;2021-11-01T06:00:34;2021-10-31T21:29:11
9;42246;30762;2021-11-01T07:03:54;2021-10-31T22:56:41
10;67091;9134;2021-10-31T12:17:24;2021-10-31T22:12:32
